S_Staat.Staat (001);S_StaatSpr.Bezeichnung (002);S_StaatSpr.KurzBez (003);S_Staat.IsoAlpha2Code (004);S_Staat.Laenderkennzahl (005);S_Staat.UStID_Format (006);S_Staat.PostfachFormat (007);S_Staat.StrassenFormat (008);S_Staat.Ortsformat (009);S_Staat.AnzOrtsformat (010);S_Staat.NumerischesFormat (011);S_Staat.DatumsFormat (012);S_Staat.DatumsDarstellungsFormat (013);S_Staat.IBAN_Format (014);S_Staat.AnsprechFormat (015);S_Staat.TaxDecimals (016);S_Staat.AddressFormat (017);S_Staat.I_UICCode (018)
AD;Andorra;Andorr;AD;043;;&F;&T, &N;&O - CP: &S&P;&S &P &O;europäisch;Tag/Monat/Jahr; ----------;AD99 9999 9999 NNNN NNNN NNNN;;2;;000
AE;Vereinigte Arabische Emirate;A Emir;AE;647;;P.O. Box &F;&N &T;&O &P;&S &P &O;amerikanisch;Jahr/Monat/Tag; ----------;AE99 9999 9999 9999 9999 999;;2;;000
AF;Afghanistan;Afghani;AF;660;;&F;&N &T;&O &P;&S &P &O;amerikanisch;Jahr/Monat/Tag; ----------;;;2;;000
AG;Antigua und Barbuda;Antigu;AG;459;;P.O. Box &F;&N &T;&O &P;&S &P &O;amerikanisch;Monat/Tag/Jahr; ----------;;;2;;000
AI;Anguilla;Anguil;AI;446;;P.O. Box &F;&N &T;&O &P;&S &P &O;amerikanisch;Monat/Tag/Jahr; ----------;;;2;;000
AL;Albanien;Alban;AL;070;;&F;&T, Nr.&N;&O &P;&S &P &O;europäisch;Tag/Monat/Jahr; ----------;AL99 9999 9999 NNNN NNNN NNNN NNNN;;2;;000
AM;Armenien;Armen;AM;077;;&F;&N &T;&O &P;&S &P &O;europäisch;Tag/Monat/Jahr; ----------;;;2;;000
AN;Niederländische Antillen;Antille;AN;478;;Postbus &F;&T &N;&P &O;&S &P &O;europäisch;Tag/Monat/Jahr; ----------;;;2;;000
AO;Angola;Angola;AO;330;;&F;&N, &T;&O &P;&S &P &O;europäisch;Tag/Monat/Jahr; ----------;;;2;;000
AQ;Antarktis;Antark;AQ;891;;P.O. Box &F;&N &T;&O &P;&S &P &O;amerikanisch;Monat/Tag/Jahr; ----------;;;2;;000
AR;Argentinien;Argent;AR;528;;&F;&T &N;(&P) &O;&S &P &O;europäisch;Tag/Monat/Jahr; ----------;;;2;;000
AS;Amerikanisch-Samoa;Asamoa;AS;830;;P.O. Box &F;&N &T;&O &P;&S &P &O;amerikanisch;Jahr/Monat/Tag; ----------;;;2;;000
AT;Österreich;Öster;AT;038;ATU99999999;Postfach &F;&T &N;&P &O;&S &P &O;europäisch;Tag/Monat/Jahr; ----------;AT99 9999 9999 9999 9999;;2;;000
AU;Australien;Austri;AU;800;;GPO Box &F;&N &T;&O &L &P;&S &P &O;amerikanisch;Tag/Monat/Jahr; ----------;;;2;;000
AW;Aruba;Aruba;AW;474;;Postbus &F;&T &N;&O &P;&S &P &O;europäisch;Tag/Monat/Jahr; ----------;;;2;;000
AZ;Aserbaidschan;Aserb;AZ;078;;&F;&N &T;&O, &S&P;&S &P &O;europäisch;Tag/Monat/Jahr; ----------;AZ99 AAAA NNNN NNNN NNNN NNNN NNNN;;2;;000
BA;Bosnien und Herzegowina;B Herz;BA;093;;&F;&T &N;&P &O;&S &P &O;europäisch;Tag/Monat/Jahr; ----------;BA99 9999 9999 9999 9999;;2;;000
BB;Barbados;Barbad;BB;469;;P.O. Box &F;&N &T;&O &P;&S &P &O;amerikanisch;Monat/Tag/Jahr; ----------;;;2;;000
BD;Bangladesch;Bangla;BD;666;;P.O. Box &F;&N, &T;&O-&P;&S &P &O;amerikanisch;Jahr/Monat/Tag; ----------;;;2;;000
BE;Belgien;Belgi;BE;017;BE0999999999,BE999999999;&F;&T &N;&P &O;&S &P &O;europäisch;Tag/Monat/Jahr; ----------;BE99 9999 9999 9999;;2;;000
BF;Burkina Faso;Burkin;BF;236;;BP &F;&N &T;&O &P;&S &P &O;europäisch;Tag/Monat/Jahr; ----------;;;2;;000
BG;Bulgarien;Bulgar;BG;068;BG999999999,BG9999999999;&F;&T &N;&P &O;&S &P &O;europäisch;Tag/Monat/Jahr; ----------;BG99 AAAA 9999 99NN NNNN NN;;2;;000
BH;Bahrain;Bahrai;BH;640;;P.O. Box &F;&T &N;&O &P;&S &P &O;amerikanisch;Monat/Tag/Jahr; ----------;BH99 AAAA NNNN NNNN NNNN NN;;2;;000
BI;Burundi;Burund;BI;328;;BP. &F;&N &T;&O &P;&S &P &O;europäisch;Tag/Monat/Jahr; ----------;;;2;;000
BJ;Benin;Benin;BJ;284;;B.P. &F;&N &T;&O &P;&S &P &O;europäisch;Tag/Monat/Jahr; ----------;;;2;;000
BL;St. Barthélemy;Barthe;BL;001;;&F;&N, &T;&P &O;&S &P &O;europäisch;Tag/Monat/Jahr; ----------;;;2;;000
BM;Bermuda;Bermud;BM;413;;P.O. Box &F;&N &T;&O &P;&S &P &O;amerikanisch;Monat/Tag/Jahr; ----------;;;2;;000
BN;Brunei Darussalam;Brunei;BN;703;;&F;&N &T;&O &P;&S &P &O;amerikanisch;Jahr/Monat/Tag; ----------;;;2;;000
BO;Bolivien, Plurinationaler St.;Boliv;BO;516;;&F;&T No. &N;&O &P;&S &P &O;europäisch;Tag/Monat/Jahr; ----------;;;2;;000
BQ;Saba, Bonaire u. St. Eustatius;Bonaire;BQ;475;;P.O. Box &F;&N &T;&O &P;&S &P &O;amerikanisch;Monat/Tag/Jahr; ----------;;;2;;000
BR;Brasilien;Brasil;BR;508;;&F;&T, &N;&P &O-&L;&S &P &O;europäisch;Tag/Monat/Jahr; ----------;BR99 9999 9999 9999 9999 9999 999A N;;2;;000
BS;Bahamas;Bahama;BS;453;;P.O. Box &F;&N &T;&O &P;&S &P &O;amerikanisch;Monat/Tag/Jahr; ----------;;;2;;000
BT;Bhutan;Bhutan;BT;675;;&F;&N &T;&O &P;&S &P &O;amerikanisch;Jahr/Monat/Tag; ----------;;;2;;000
BV;Bouvet-Insel;Bouvet;BV;892;;Postboks &F;&T &N;&P &O;&S &P &O;europäisch;Tag/Monat/Jahr; ----------;;;2;;000
BW;Botsuana;Botsu;BW;391;;Private Bag: &F;&N &T;&O &P;&S &P &O;amerikanisch;Monat/Tag/Jahr; ----------;;;2;;000
BY;Belarus;Belars;BY;073;;&F;&T &N;&O &P;&S &P &O;europäisch;Tag/Monat/Jahr; ----------;;;2;;000
BZ;Belize;Belize;BZ;421;;P.O. Box &F;&N &T;&O &P;&S &P &O;amerikanisch;Monat/Tag/Jahr; ----------;;;2;;000
CA;Kanada;Kanada;CA;404;;P.O. Box &F;&N &T;&O &L &P;&S &P &O;amerikanisch;Jahr/Monat/Tag; ----------;;;2;;000
CC;Kokos-Inseln (Keeling Inseln);Kokosi;CC;833;;P.O. Box &F;&N &T;&O &P;&S &P &O;amerikanisch;Monat/Tag/Jahr; ----------;;;2;;000
CD;Demokratische Republik Kongo;DR Kon;CD;322;;B.P. &F;&N &T;&O &P;&S &P &O;europäisch;Tag/Monat/Jahr; ----------;;;2;;000
CF;Zentralafrikanische Republik;Zentaf;CF;306;;B.P. &F;&N &T;&O &P;&S &P &O;europäisch;Tag/Monat/Jahr; ----------;;;2;;000
CG;Republik Kongo;R Kong;CG;318;;B.P. &F;&N &T;&N &T;&S &P &O;europäisch;Tag/Monat/Jahr; ----------;;;2;;000
CH;Schweiz;Schwz;CH;039;;&F;&T &N;&P &O;&S &P &O;europäisch;Tag/Monat/Jahr; ----------;CH99 9999 9NNN NNNN NNNN N;;2;;000
CI;Elfenbeinküste;Côtelv;CI;272;;B.P. &F;&N &T;&O &P;&S &P &O;europäisch;Tag/Monat/Jahr; ----------;;;2;;000
CK;Cook-Inseln;Cookin;CK;837;;P.O. Box &F;&N &T;&O &P;&S &P &O;amerikanisch;Jahr/Monat/Tag; ----------;;;2;;000
CL;Chile;Chile;CL;512;;&F;&T &N;&O &P;&S &P &O;europäisch;Tag/Monat/Jahr; ----------;;;2;;000
CM;Kamerun;Kameru;CM;302;;B.P. &F;&N &T;&O &P;&S &P &O;europäisch;Tag/Monat/Jahr; ----------;;;2;;000
CN;VR China;China;CN;720;;&F;No. &N, &T;&L &O &P;&S &P &O;amerikanisch;Jahr/Monat/Tag; ----------;;;2;;000
CO;Kolumbien;Kolumb;CO;480;;&F;&T &N;&P &O;&S &P &O;europäisch;Tag/Monat/Jahr; ----------;;;2;;000
CR;Costa Rica;Costa;CR;436;;&F;&T &N;&P &O;&S &P &O;europäisch;Tag/Monat/Jahr; ----------;CR99 9999 9999 9999 9999 9;;2;;000
CU;Kuba;Kuba;CU;448;;&F;&T #  &N;&O &P;&S &P &O;europäisch;Tag/Monat/Jahr; ----------;;;2;;000
CV;Kap Verde;K Verd;CV;247;;C.P. no. &F;&N, &T;&P &O;&S &P &O;europäisch;Tag/Monat/Jahr; ----------;;;2;;000
CW;Curacao-Insel;Curacao;CW;477;;&F;&T &N;&P &O;&S &P &O;europäisch;Tag/Monat/Jahr; ----------;;;2;;000
CX;Weihnachts-Insel;Weihni;CX;834;;P.O. Box &F;&N &T;&O &P;&S &P &O;amerikanisch;Jahr/Monat/Tag; ----------;;;2;;000
CY;Zypern;Zypern;CY;600;CYNNNNNNNNN;P.O. Box &F;&T &N;&P &O;&S &P &O;europäisch;Tag/Monat/Jahr; ----------;CY99 9999 9999 NNNN NNNN NNNN NNNN;;2;;000
CZ;Tschechische Republik;Tsche;CZ;061;CZ99999999,CZ999999999,CZ9999999999;&F;&T &N;&P &O;&S &P &O;europäisch;Tag/Monat/Jahr; ----------;CZ99 9999 9999 9999 9999 9999;;2;;000
DE;Deutschland;Deut;DE;004;DE999999999;Postfach &F;&T &N;&P &O;&S &P &O;europäisch;Tag/Monat/Jahr; ----------;DE99 9999 9999 9999 9999 99;;2;;000
DJ;Dschibuti;Dsbuti;DJ;338;;BP. &F;&N &T;&O &P;&S &P &O;europäisch;Tag/Monat/Jahr; ----------;;;2;;000
DK;Dänemark;Dänem;DK;008;DK99999999;&F;&T &N;&P &O;&S &P &O;europäisch;Tag/Monat/Jahr; ----------;DK99 9999 9999 9999 99;;2;;000
DM;Dominica;Domini;DM;460;;P.O. Box &F;&N &T;&O &P;&S &P &O;amerikanisch;Monat/Tag/Jahr; ----------;;;2;;000
DO;Dominikanische Republik;Dom Rp;DO;456;;P.O. Box &F;&N &T;&O &P;&S &P &O;amerikanisch;Monat/Tag/Jahr; ----------;DO99 NNNN 9999 9999 9999 9999 9999;;2;;000
DZ;Algerien;Alger;DZ;208;;BP. &F;&N &T;&O &P;&S &P &O;europäisch;Tag/Monat/Jahr; ----------;;;2;;000
EC;Ecuador;Ecuad;EC;500;;&F;&T &N;&S &P &O;&S &P &O;europäisch;Tag/Monat/Jahr; ----------;;;2;;000
EE;Estland;Estld;EE;053;EE999999999;&F;&T &N;&S &P &O;&S &P &O;europäisch;Tag/Monat/Jahr; ----------;EE99 9999 9999 9999 9999;;2;;000
EG;Ägypten;Ägypten;EG;220;;P.O. BOX &F;&N &T;&O &P;&S &P &O;amerikanisch;Jahr/Monat/Tag; ----------;;;2;;000
ER;Eritrea;Eritre;ER;336;;&F;&N, &T;&P &O;&S &P &O;europäisch;Tag/Monat/Jahr; ----------;;;2;;000
ES;Spanien;Span;ES;011;ESN9999999N;&F;&T &N;&S &P &O;&S &P &O;europäisch;Tag/Monat/Jahr; ----------;ES99 9999 9999 9999 9999 9999;;2;;000
ET;Äthiopien;Äthiop;ET;334;;&F;&N, &T;&O &P;&S &P &O;europäisch;Tag/Monat/Jahr; ----------;;;2;;000
FI;Finnland;Finnl;FI;032;FI99999999;&F;&T &N;&S &P &O;&S &P &O;europäisch;Tag/Monat/Jahr; ----------;FI99 9999 9999 9999 99;;2;;000
FJ;Fidschi;Fidsch;FJ;815;;P.O. Box &F;&N &T;&O &P;&S &P &O;amerikanisch;Jahr/Monat/Tag; ----------;;;2;;000
FK;Falklandinseln (Malwinen);Falkl;FK;529;;P.O. Box &F;&N &T;&O &P;&S &P &O;amerikanisch;Monat/Tag/Jahr; ----------;;;2;;000
FM;Föderierte Staaten Mikronesien;Mikron;FM;823;;P.O. Box &F;&N &T;&O &P;&S &P &O;amerikanisch;Jahr/Monat/Tag; ----------;;;2;;000
FO;Färöer;Färöer;FO;041;;&F;&T &N;&P &O;&S &P &O;europäisch;Tag/Monat/Jahr; ----------;FO99 9999 9999 9999 99;;2;;000
FR;Frankreich;Frankr;FR;001;FRNN999999999;B.P. &F;&N, &T;&P &O;&S &P &O;europäisch;Tag/Monat/Jahr; ----------;FR99 9999 9999 99NN NNNN NNNN N99;;2;;000
GA;Gabun;Gabun;GA;314;;B.P. &F;&N, &T;&O &P;&S &P &O;europäisch;Tag/Monat/Jahr; ----------;;;2;;000
GB;Großbritannien;G Brit;GB;006;GB999999999,GB999999999999,GBAA999;P.O. Box &F;&N &T;&O &P &L;&S &P &O;amerikanisch;Monat/Tag/Jahr; ----------;GB99 AAAA 9999 9999 9999 99;;2;;000
GD;Grenada;Grenad;GD;473;;P.O. Box &F;&N &T;&O &P;&S &P &O;amerikanisch;Monat/Tag/Jahr; ----------;;;2;;000
GE;Georgien;Georg;GE;076;;&F;&N, &T;&O &P;&S &P &O;europäisch;Tag/Monat/Jahr; ----------;GE99 AA99 9999 9999 9999 99;;2;;000
GF;Französisch-Guayana;Fr Guay;GF;001;;B.P. &F;&N, &T;&P &O;&S &P &O;europäisch;Tag/Monat/Jahr; ----------;;;2;;000
GG;Guernsey;Guern;GG;107;;&F;&T &N;&P &O;&S &P &O;europäisch;Tag/Monat/Jahr; ----------;;;2;;000
GH;Ghana;Ghana;GH;276;;P.O. Box &F;&N &T;&O &P;&S &P &O;amerikanisch;Jahr/Monat/Tag; ----------;;;2;;000
GI;Gibraltar;Gibral;GI;044;;P.O. Box &F;&N &T;&O &P;&S &P &O;amerikanisch;Monat/Tag/Jahr; ----------;GI99 AAAA NNNN NNNN NNNN NNN;;2;;000
GL;Grönland;Grönl;GL;406;;&F;&T &N;&P &O;&S &P &O;europäisch;Tag/Monat/Jahr; ----------;GL99 9999 9999 9999 99;;2;;000
GM;Gambia;Gambia;GM;252;;P.O. Box &F;&N &T;&O &P;&S &P &O;amerikanisch;Jahr/Monat/Tag; ----------;;;2;;000
GN;Guinea;Guinea;GN;260;;B.P. &F;&N &T;&O &P;&S &P &O;europäisch;Tag/Monat/Jahr; ----------;;;2;;000
GP;Guadeloupe;Guadelu;GP;001;;&F;&N, &T;&P &O;&S &P &O;europäisch;Tag/Monat/Jahr; ----------;;;2;;000
GQ;Äquatorialguinea;ÄquGui;GQ;310;;&F;&N &T;&O &P;&S &P &O;amerikanisch;Jahr/Monat/Tag; ----------;;;2;;000
GR;Griechenland;Griech;GR;009;EL999999999;&F;&T &N;&P, &O;&S &P &O;europäisch;Tag/Monat/Jahr; ----------;GR99 9999 999N NNNN NNNN NNNN NNN;;2;;000
GS;Südgeorgien;Sgeorg;GS;893;;P.O. Box &F;&N &T;&O &P;&S &P &O;amerikanisch;Monat/Tag/Jahr; ----------;;;2;;000
GT;Guatemala;Guatem;GT;416;;&F;&T &N;&P &O;&S &P &O;europäisch;Tag/Monat/Jahr; ----------;GT99 NNNN NNNN NNNN NNNN NNNN NNNN;;2;;000
GU;Guam;Guam;GU;831;;P.O. Box &F;&N &T;&O &P;&S &P &O;amerikanisch;Jahr/Monat/Tag; ----------;;;2;;000
GW;Guinea-Bissau;Bissau;GW;257;;C.P. &F;&N, &T;&P &L &O;&S &P &O;europäisch;Tag/Monat/Jahr; ----------;;;2;;000
GY;Guyana;Guyana;GY;488;;P.O. Box &F;&N &T;&O &P;&S &P &O;amerikanisch;Monat/Tag/Jahr; ----------;;;2;;000
HK;Hongkong;Hongk;HK;740;;P.O. Box &F;&N, &T;&O &P;&S &P &O;amerikanisch;Monat/Tag/Jahr; ----------;;;2;;000
HM;Heard und McDonald-Inseln;Heard;HM;835;;P.O. Box &F;&N &T;&O &P;&S &P &O;amerikanisch;Jahr/Monat/Tag; ----------;;;2;;000
HN;Honduras;Hondur;HN;424;;&F;&T &N;&P &O;&S &P &O;europäisch;Tag/Monat/Jahr; ----------;;;2;;000
HR;Kroatien;Kroat;HR;092;HR99999999999;&F;&T &N;&P &O;&S &P &O;europäisch;Tag/Monat/Jahr; ----------;HR99 9999 9999 9999 9999 9;;2;;000
HT;Haiti;Haiti;HT;452;;&F;&N, &T;&P &O;&S &P &O;europäisch;Tag/Monat/Jahr; ----------;;;2;;000
HU;Ungarn;Ungarn;HU;064;HU99999999;P.O.B. &F;&T &N;&P &O;&S &P &O;europäisch;Tag/Monat/Jahr; ----------;HU99 9999 9999 9999 9999 9999 9999;;2;;000
ID;Indonesien;Indone;ID;700;;&F;&T &N;&O &P;&S &P &O;amerikanisch;Jahr/Monat/Tag; ----------;;;2;;000
IE;Irland;Irland;IE;007;IE9X99999A;P.O. Box &F;&N &T;&O &P;&S &P &O;europäisch;Tag/Monat/Jahr; ----------;IE99 AAAA 9999 9999 9999 99;;2;;000
IL;Israel;Israel;IL;624;;P.O.B. &F;&N &T;&O &P;&S &P &O;amerikanisch;Jahr/Monat/Tag; ----------;IL99 9999 9999 9999 9999 999;;2;;000
IM;Insel Man;Man;IM;109;GB999999999,GB999999999999,GBAA999;B.P. &F;&N, &T;&P &O;&S &P &O;europäisch;Tag/Monat/Jahr; ----------;;;2;;000
IN;Indien;Indien;IN;664;;P.O. Box &F;&N &T;&O-&P;&S &P &O;amerikanisch;Jahr/Monat/Tag; ----------;;;2;;000
IO;Tschagos-Inseln;Ind Oz;IO;357;;P.O. Box &F;&N &T;&O &P;&S &P &O;amerikanisch;Monat/Tag/Jahr; ----------;;;2;;000
IQ;Irak;Irak;IQ;612;;P.O. Box &F;&N &T;&O &P;&S &P &O;amerikanisch;Jahr/Monat/Tag; ----------;;;2;;000
IR;Iran, Islamische Republik;Iran;IR;616;;P.O. Box &F;&N &T;&O &P;&S &P &O;amerikanisch;Jahr/Monat/Tag; ----------;;;2;;000
IS;Island;Island;IS;024;;&F;&T &N;&P &O;&S &P &O;europäisch;Tag/Monat/Jahr; ----------;IS99 9999 9999 9999 9999 9999 99;;2;;000
IT;Italien;Ital;IT;005;IT99999999999;&F;&T &N;&P-&O;&S &P &O;europäisch;Tag/Monat/Jahr; ----------;IT99 A999 9999 999N NNNN NNNN NNN;;2;;000
JE;Jersey;Jersey;JE;108;;&F;&T &N;&O &P;&S &P &O;europäisch;Tag/Monat/Jahr; ----------;;;2;;000
JM;Jamaika;Jamaik;JM;464;;PO Box &F;&N &T;&O &P;&S &P &O;amerikanisch;Jahr/Monat/Tag; ----------;;;2;;000
JO;Jordanien;Jordan;JO;628;;P.O. Box &F;&N &T;&O &P;&S &P &O;amerikanisch;Jahr/Monat/Tag; ----------;;;2;;000
JP;Japan;Japan;JP;732;;&F;&N &T;&O &P;&S &P &O;amerikanisch;Jahr/Monat/Tag; ----------;;;2;;000
KE;Kenia;Kenia;KE;346;;P.O. Box &F;&N &T;&O &P;&S &P &O;amerikanisch;Jahr/Monat/Tag; ----------;;;2;;000
KG;Kirgisische Republik;Kirgis;KG;083;;&F;&N, &T;&O &P;&S &P &O;europäisch;Tag/Monat/Jahr; ----------;;;2;;000
KH;Kambodscha;Kambod;KH;696;;&F;&T &N;&O &P;&S &P &O;europäisch;Tag/Monat/Jahr; ----------;;;2;;000
KI;Kiribati;Kiriba;KI;812;;P.O. Box &F;&N &T;&O &P;&S &P &O;amerikanisch;Monat/Tag/Jahr; ----------;;;2;;000
KM;Komoren;Komor;KM;375;;B.P. &F;&N &T;&O &P;&S &P &O;europäisch;Tag/Monat/Jahr; ----------;;;2;;000
KN;St. Kitts und Nevis;St Kit;KN;449;;P.O. Box &F;&N &T;&O &P;&S &P &O;amerikanisch;Monat/Tag/Jahr; ----------;;;2;;000
KP;Demokratische Volksrep. Korea;DV Kor;KP;724;;&F;&N, &T;&O &P;&S &P &O;amerikanisch;Jahr/Monat/Tag; ----------;;;2;;000
KR;Republik Korea ehem. Südkorea;RepKor;KR;728;;&F;&N &T;&O &P;&S &P &O;amerikanisch;Jahr/Monat/Tag; ----------;;;2;;000
KW;Kuwait;Kuwait;KW;636;;P.O. Box &F;&N &T;&O &P;&S &P &O;amerikanisch;Jahr/Monat/Tag; ----------;KW99 AAAA NNNN NNNN NNNN NNNN NNNN NN;;2;;000
KY;Kaiman-Inseln;Kaiman;KY;463;;P.O. Box &F;&N &T;&O &P;&S &P &O;amerikanisch;Monat/Tag/Jahr; ----------;;;2;;000
KZ;Kasachstan;Kasach;KZ;079;;&F;&N, &T;&O &P;&S &P &O;europäisch;Tag/Monat/Jahr; ----------;KZ99 999N NNNN NNNN NNNN;;2;;000
LA;Demokratische Volksrep. Laos;Laos;LA;684;;&F;&N, &T;&O &P;&S &P &O;europäisch;Tag/Monat/Jahr; ----------;;;2;;000
LB;Libanon;Liban;LB;604;;B.P. &F;&N, &T;&O &P;&S &P &O;europäisch;Tag/Monat/Jahr; ----------;LB99 9999 NNNN NNNN NNNN NNNN NNNN;;2;;000
LC;St. Lucia;Lucia;LC;465;;P.O. Box &F;&N &T;&O &P;&S &P &O;amerikanisch;Monat/Tag/Jahr; ----------;;;2;;000
LI;Liechtenstein;Liecht;LI;037;;Postfach &F;&T &N;&P &O;&S &P &O;europäisch;Tag/Monat/Jahr; ----------;LI99 9999 9NNN NNNN NNNN N;;2;;000
LK;Sri Lanka;Srilan;LK;669;;P.O. Box &F;&N, &T;&O &P;&S &P &O;amerikanisch;Jahr/Monat/Tag; ----------;;;2;;000
LR;Liberia;Liberi;LR;268;;P.O. Box &F;&N &T;&O &P;&S &P &O;amerikanisch;Jahr/Monat/Tag; ----------;;;2;;000
LS;Lesotho;Lesoth;LS;395;;P.O. Box &F;&N &T;&O &P;&S &P &O;amerikanisch;Jahr/Monat/Tag; ----------;;;2;;000
LT;Litauen;Litau;LT;055;LT999999999,LT999999999999;&F;&T &N;&P &O;&S &P &O;europäisch;Tag/Monat/Jahr; ----------;LT99 9999 9999 9999 9999;;2;;000
LU;Luxemburg;Luxemb;LU;018;LU99999999;B.P. &F;&N, &T;&P &O;&S &P &O;europäisch;Tag/Monat/Jahr; ----------;LU99 999N NNNN NNNN NNNN;;2;;000
LV;Lettland;Lettld;LV;054;LV99999999999;&F;&T &N;&O &P;&S &P &O;europäisch;Tag/Monat/Jahr; ----------;LV99 AAAA NNNN NNNN NNNN N;;2;;000
LY;Libyen;Libyen;LY;216;;&F;&N, &T;&O &P;&S &P &O;amerikanisch;Jahr/Monat/Tag; ----------;;;2;;000
MA;Marokko;Marokk;MA;204;;B.P. &F;&N &T;&O &P;&S &P &O;europäisch;Tag/Monat/Jahr; ----------;;;2;;000
MC;Monaco;Monaco;MC;001;FRNN999999999;&F;&N, &T;&P &O;&S &P &O;europäisch;Tag/Monat/Jahr; ----------;MC99 9999 9999 99NN NNNN NNNN N99;;2;;000
MD;Republik Moldau (Moldawien);Moldau;MD;074;;&F;&N, &T;&P &O;&S &P &O;europäisch;Tag/Monat/Jahr; ----------;MD99 NNNN NNNN NNNN NNNN NNNN;;2;;000
ME;Montenegro;Monten;ME;097;;&F;&T &N;&P &O;&S &P &O;europäisch;Tag/Monat/Jahr; ----------;ME99 9999 9999 9999 9999 99;;2;;000
MF;St. Martin (französisch);St Mar;MF;001;;&F;&N, &T;&P &O;&S &P &O;europäisch;Tag/Monat/Jahr; ----------;;;2;;000
MG;Madagaskar;Madag;MG;370;;B.P. &F;&N, &T;&O &P;&S &P &O;europäisch;Tag/Monat/Jahr; ----------;;;2;;000
MH;Marshall-Inseln;Marsh;MH;824;;P.O. Box &F;&N, &T;&O &P;&S &P &O;amerikanisch;Jahr/Monat/Tag; ----------;;;2;;000
MK;Mazedonien;Mazed;MK;096;;&F;&T &N;&P &O;&S &P &O;europäisch;Tag/Monat/Jahr; ----------;MK99 999N NNNN NNNN N99;;2;;000
ML;Mali;Mali;ML;232;;BP. &F;&N, &T;&O &P;&S &P &O;europäisch;Tag/Monat/Jahr; ----------;;;2;;000
MM;Myanmar;Myan;MM;676;;&F;&N, &T;&O &P;&S &P &O;amerikanisch;Jahr/Monat/Tag; ----------;;;2;;000
MN;Mongolei;Mongol;MN;716;;&F;&N, &T;&O &P;&S &P &O;amerikanisch;Jahr/Monat/Tag; ----------;;;2;;000
MO;Macau;Macau;MO;743;;&F;&T, &N;&P &O;&S &P &O;europäisch;Tag/Monat/Jahr; ----------;;;2;;000
MP;Nördliche Marianen;Marian;MP;820;;P.O. Box &F;&N &T;&O &P;&S &P &O;amerikanisch;Jahr/Monat/Tag; ----------;;;2;;000
MQ;Martinique;Martini;MQ;001;;B.P. &F;&N, &T;&P &O;&S &P &O;europäisch;Tag/Monat/Jahr; ----------;;;2;;000
MR;Mauretanien;Mauret;MR;228;;B.P. &F;&N &T;&O &P;&S &P &O;europäisch;Tag/Monat/Jahr; ----------;MR99 9999 9999 9999 9999 9999 999;;2;;000
MS;Montserrat;Monts;MS;470;;P.O. Box &F;&N &T;&O &P;&S &P &O;amerikanisch;Monat/Tag/Jahr; ----------;;;2;;000
MT;Malta;Malta;MT;046;MT99999999;P.O. Box &F;&N &T;&O &P;&S &P &O;europäisch;Tag/Monat/Jahr; ----------;MT99 AAAA 9999 9NNN NNNN NNNN NNNN NNN;;2;;000
MU;Mauritius;Maurit;MU;373;;P.O. Box &F;&N &T;&O &P;&S &P &O;amerikanisch;Monat/Tag/Jahr; ----------;MU99 AAAA 9999 9999 9999 9999 999A AA;;2;;000
MV;Malediven;Maldiv;MV;667;;P.O. Box &F;&N &T;&O &P;&S &P &O;amerikanisch;Jahr/Monat/Tag; ----------;;;2;;000
MW;Malawi;Malawi;MW;386;;P.O. Box &F;&N &T;&O &P;&S &P &O;amerikanisch;Jahr/Monat/Tag; ----------;;;2;;000
MX;Mexiko;Mexiko;MX;412;;&F;&T &N;&P &O;&S &P &O;europäisch;Tag/Monat/Jahr; ----------;;;2;;000
MY;Malaysia;Malays;MY;701;;P.O. Box &F;&N &T;&P &O;&S &P &O;amerikanisch;Jahr/Monat/Tag; ----------;;;2;;000
MZ;Mosambik;Mosamb;MZ;366;;&F;&T &N;&P &O;&S &P &O;europäisch;Tag/Monat/Jahr; ----------;;;2;;000
NA;Namibia;Namib;NA;389;;P.O. Box &F;&N &T;&O &P;&S &P &O;amerikanisch;Jahr/Monat/Tag; ----------;;;2;;000
NC;Neukaledonien;Neukal;NC;809;;&F;&N, &T;&P &O;&S &P &O;europäisch;Tag/Monat/Jahr; ----------;;;2;;000
NE;Niger;Niger;NE;240;;B.P. &F;&N &T;&O &P;&S &P &O;europäisch;Tag/Monat/Jahr; ----------;;;2;;000
NF;Norfolk-Insel;Norfol;NF;836;;P.O. Box &F;&N &T;&O &P;&S &P &O;amerikanisch;Jahr/Monat/Tag; ----------;;;2;;000
NG;Nigeria;Nigeri;NG;288;;P.O. Box &F;&N &T;&O &P;&S &P &O;amerikanisch;Jahr/Monat/Tag; ----------;;;2;;000
NI;Nicaragua;Nicara;NI;432;;&F;&T &N;&P &O;&S &P &O;europäisch;Tag/Monat/Jahr; ----------;;;2;;000
NL;Niederlande;Niedl;NL;003;NL999999999B99;Postbus &F;&T &N;&P &O;&S &P &O;europäisch;Tag/Monat/Jahr; ----------;NL99 AAAA 9999 9999 99;;2;;000
NO;Norwegen;Norweg;NO;028;;Postboks &F;&T &N;&P &O;&S &P &O;europäisch;Tag/Monat/Jahr; ----------;NO99 9999 9999 999;;2;;000
NP;Nepal;Nepal;NP;672;;&F;&N, &T;&O &P;&S &P &O;amerikanisch;Jahr/Monat/Tag; ----------;;;2;;000
NR;Nauru;Nauru;NR;803;;P.O. Box &F;&N &T;&O &P;&S &P &O;amerikanisch;Jahr/Monat/Tag; ----------;;;2;;000
NU;Niue-Insel;Niue;NU;838;;&F;&N, &T;&P &O;&S &P &O;amerikanisch;Jahr/Monat/Tag; ----------;;;2;;000
NZ;Neuseeland;Neusee;NZ;804;;PO Box &F;&N &T;&O &P;&S &P &O;amerikanisch;Jahr/Monat/Tag; ----------;;;2;;000
OM;Oman;Oman;OM;649;;P.O. Box &F;&N &T;&O, Postal Code &P;&S &P &O;amerikanisch;Jahr/Monat/Tag; ----------;;;2;;000
PA;Panama (einschl. Kanal-Zone);Panama;PA;442;;&F;&T &N;&P &O;&S &P &O;europäisch;Tag/Monat/Jahr; ----------;;;2;;000
PE;Peru;Peru;PE;504;;&F;&T &N;&P &O;&S &P &O;europäisch;Tag/Monat/Jahr; ----------;;;2;;000
PF;Französisch-Polynesien;F Poly;PF;822;;B.P. &F;&N, &T;&P &O;&S &P &O;europäisch;Tag/Monat/Jahr; ----------;;;2;;000
PG;Papua-Neuguinea;Papua;PG;801;;P.O. Box &F;&N, &T;&O &P;&S &P &O;amerikanisch;Jahr/Monat/Tag; ----------;;;2;;000
PH;Philippinen;Philip;PH;708;;&F;&N, &T;&O &P;&S &P &O;amerikanisch;Jahr/Monat/Tag; ----------;;;2;;000
PK;Pakistan;Pakist;PK;662;;P.O. Box &F;&N, &T;&O &P;&S &P &O;amerikanisch;Jahr/Monat/Tag; ----------;PK99 AAAA NNNN NNNN NNNN NNNN;;2;;000
PL;Polen;Polen;PL;060;PL9999999999;&F;&T &N;&P &O;&S &P &O;europäisch;Tag/Monat/Jahr; ----------;PL99 9999 9999 9999 9999 9999 9999;;2;;000
PM;St. Pierre und Miquelon;Pierre;PM;408;;&F;&N, &T;&P &O;&S &P &O;europäisch;Tag/Monat/Jahr; ----------;;;2;;000
PN;Pitcairn-Inseln;Pitcai;PN;813;;P.O. Box &F;&N &T;&O &P;&S &P &O;amerikanisch;Monat/Tag/Jahr; ----------;;;2;;000
PS;Palästinensische Gebiete;Pal G;PS;625;;P.O. Box &F;&N &T;&O &P;&S &P &O;amerikanisch;Jahr/Monat/Tag; ----------;PS99 AAAA NNNN NNNN NNNN NNNN NNNN N;;2;;000
PT;Portugal;Portug;PT;010;PT999999999;&F;&T &N;&P &O;&S &P &O;europäisch;Tag/Monat/Jahr; ----------;PT99 9999 9999 9999 9999 9999 9;;2;;000
PW;Palau;Palau;PW;825;;P.O. Box &F;&N &T;&O &P;&S &P &O;amerikanisch;Jahr/Monat/Tag; ----------;;;2;;000
PY;Paraguay;Paragu;PY;520;;&F;&T &N;&P &O;&S &P &O;europäisch;Tag/Monat/Jahr; ----------;;;2;;000
QA;Katar;Katar;QA;644;;P.O. Box &F;&N &T;&O &P;&S &P &O;amerikanisch;Jahr/Monat/Tag; ----------;;;2;;000
RE;Réunion;Reunion;RE;001;;&F;&N, &T;&P &O;&S &P &O;europäisch;Tag/Monat/Jahr; ----------;;;2;;000
RO;Rumänien;Rumän;RO;066;RO9999999999;&F;&N, &T;&P &O;&S &P &O;europäisch;Tag/Monat/Jahr; ----------;RO99 AAAA NNNN NNNN NNNN NNNN;;2;;000
RS;Serbien;Serbie;RS;098;;&F;&T &N;&P &O;&S &P &O;europäisch;Tag/Monat/Jahr; ----------;RS99 9999 9999 9999 9999 99;;2;;000
RU;Russische Föderation;Russld;RU;075;;&F;&T &N;&O &P;&S &P &O;europäisch;Tag/Monat/Jahr; ----------;;;2;;000
RW;Ruanda;Ruanda;RW;324;;B.P. &F;&N, &T;&P &O;&S &P &O;europäisch;Tag/Monat/Jahr; ----------;;;2;;000
SA;Saudi-Arabien;Saudia;SA;632;;P.O. Box &F;&N &T;&O &P;&S &P &O;amerikanisch;Jahr/Monat/Tag; ----------;SA99 99NN NNNN NNNN NNNN NNNN;;2;;000
SB;Salomonen;Salom;SB;806;;P.O. Box &F;&N &T;&O &P;&S &P &O;amerikanisch;Monat/Tag/Jahr; ----------;;;2;;000
SC;Seychellen;Seych;SC;355;;P.O. Box &F;&N &T;&O &P;&S &P &O;amerikanisch;Jahr/Monat/Tag; ----------;;;2;;000
SD;Sudan;Sudan;SD;224;;P.O. Box &F;&N &T;&O &P;&S &P &O;amerikanisch;Jahr/Monat/Tag; ----------;;;2;;000
SE;Schweden;Schwed;SE;030;SE999999999901;Box &F;&T &N;&P &O;&S &P &O;europäisch;Tag/Monat/Jahr; ----------;SE99 9999 9999 9999 9999 9999;;2;;000
SG;Singapur;Singap;SG;706;;P.O. Box &F;&T &N;&O &P;&S &P &O;amerikanisch;Jahr/Monat/Tag; ----------;;;2;;000
SH;St. Helena, Ascension, Tristan;St Hel;SH;329;;P.O. Box &F;&N &T;&O &P;&S &P &O;amerikanisch;Monat/Tag/Jahr; ----------;;;2;;000
SI;Slowenien;Slowen;SI;091;SI99999999;&F;&T &N;&P &O;&S &P &O;europäisch;Tag/Monat/Jahr; ----------;SI99 9999 9999 9999 999;;2;;000
SK;Slowakei;Slowak;SK;063;SK9999999999;&F;&T &N;&P &O;&S &P &O;europäisch;Tag/Monat/Jahr; ----------;SK99 9999 9999 9999 9999 9999;;2;;000
SL;Sierra Leone;Sier L;SL;264;;P.O. Box &F;&N &T;&O &P;&S &P &O;amerikanisch;Jahr/Monat/Tag; ----------;;;2;;000
SM;San Marino;Marino;SM;047;;&F;&T &N;&P-&O;&S &P &O;europäisch;Tag/Monat/Jahr; ----------;SM99 A999 9999 999N NNNN NNNN NNN;;2;;000
SN;Senegal;Seneg;SN;248;;B.P. &F;&N, &T;&O &P;&S &P &O;europäisch;Tag/Monat/Jahr; ----------;;;2;;000
SO;Somalia;Somali;SO;342;;P.O. Box &F;&N &T;&O &P;&S &P &O;amerikanisch;Jahr/Monat/Tag; ----------;;;2;;000
SR;Suriname;Surin;SR;492;;&F;&N, &T;&O &P;&S &P &O;europäisch;Tag/Monat/Jahr; ----------;;;2;;000
SS;Südsudan;Ssudan;SS;225;;P.O. Box &F;&N &T;&O &P;&S &P &O;amerikanisch;Jahr/Monat/Tag; ----------;;;2;;000
ST;Sâo Tomé und Principe;S Tomé;ST;311;;&F;&T &N;&P &O;&S &P &O;europäisch;Tag/Monat/Jahr; ----------;;;2;;000
SV;El Salvador;El Sal;SV;428;;&F;&T &N;&P &O;&S &P &O;europäisch;Tag/Monat/Jahr; ----------;;;2;;000
SY;Arabische Republik Syrien;Syrien;SY;608;;P.O. Box &F;&N &T;&O &P;&S &P &O;amerikanisch;Jahr/Monat/Tag; ----------;;;2;;000
SZ;Swasiland;Swasi;SZ;393;;P.O. Box &F;&N &T;&O &P;&S &P &O;amerikanisch;Jahr/Monat/Tag; ----------;;;2;;000
TC;Turks- und Caicos-Inseln;Turk l;TC;454;;P.O. Box &F;&N &T;&O &P;&S &P &O;amerikanisch;Monat/Tag/Jahr; ----------;;;2;;000
TD;Tschad;Tschad;TD;244;;B.P. &F;&N &T;&O &P;&S &P &O;europäisch;Tag/Monat/Jahr; ----------;;;2;;000
TF;Französische Südgebiete;F Süd;TF;894;;B.P. &F;&N, &T;&P &O;&S &P &O;europäisch;Tag/Monat/Jahr; ----------;;;2;;000
TG;Togo;Togo;TG;280;;B.P. &F;&N, &T;&O &P;&S &P &O;europäisch;Tag/Monat/Jahr; ----------;;;2;;000
TH;Thailand;Thail;TH;680;;&F;&N, &T;&O &P;&S &P &O;amerikanisch;Jahr/Monat/Tag; ----------;;;2;;000
TJ;Tadschikistan;Tadsch;TJ;082;;&F;&T &N;&P &O;&S &P &O;amerikanisch;Jahr/Monat/Tag; ----------;;;2;;000
TK;Tokelau;Tokel;TK;839;;P.O. Box &F;&N &T;&O &P;&S &P &O;amerikanisch;Monat/Tag/Jahr; ----------;;;2;;000
TL;Timor-Leste;TimLes;TL;626;;&F;&T, &N;&O &P;&S &P &O;europäisch;Tag/Monat/Jahr; ----------;;;2;;000
TM;Turkmenistan;Turkm;TM;080;;&F;&T &N;&O &P;&S &P &O;europäisch;Tag/Monat/Jahr; ----------;;;2;;000
TN;Tunesien;Tunes;TN;212;;B.P. &F;&N, &T;&P &O;&S &P &O;europäisch;Tag/Monat/Jahr; ----------;TN59 9999 9999 9999 9999 9999;;2;;000
TO;Tonga;Tonga;TO;817;;P.O. Box &F;&N &T;&O &P;&S &P &O;amerikanisch;Jahr/Monat/Tag; ----------;;;2;;000
TR;Türkei;Türkei;TR;052;;&F;&T No. &N;&O &P;&S &P &O;europäisch;Tag/Monat/Jahr; ----------;TR99 9999 9NNN NNNN NNNN NNNN NN;;2;;000
TT;Tobago und Trinidad;Trinid;TT;472;;P.O. Box &F;&N &T;&O &P;&S &P &O;amerikanisch;Jahr/Monat/Tag; ----------;;;2;;000
TV;Tuvalu;Tuvalu;TV;807;;P.O. Box &F;&N &T;&O &P;&S &P &O;amerikanisch;Monat/Tag/Jahr; ----------;;;2;;000
TW;Taiwan;Taiwan;TW;736;;P.O. Box &F;#No. &N, &T;&O &P;&S &P &O;amerikanisch;Jahr/Monat/Tag; ----------;;;2;;000
TZ;Vereinigte Republik Tansania;Tansan;TZ;352;;Box &F;&N &T;&O &P;&S &P &O;amerikanisch;Jahr/Monat/Tag; ----------;;;2;;000
UA;Ukraine;Ukrain;UA;072;;&F;&T &N;&P &O;&S &P &O;europäisch;Tag/Monat/Jahr; ----------;;;2;;000
UG;Uganda;Uganda;UG;350;;&F;&T &N;&S &P &O;&S &P &O;europäisch;Tag/Monat/Jahr; ----------;;;2;;000
UM;Amerik Übersee-Inseln, kleine;US Über;UM;832;;P.O. Box &F;&N &T;&O &P;&S &P &O;amerikanisch;Jahr/Monat/Tag; ----------;;;2;;000
US;USA;USA;US;400;;P.O. Box &F;&N &T;&O, &L &P;&S &P &O;amerikanisch;Jahr/Monat/Tag; ----------;;;4;;000
UY;Uruguay;Urugu;UY;524;;&F;&T &N;&P &O;&S &P &O;europäisch;Tag/Monat/Jahr; ----------;;;2;;000
UZ;Usbekistan;Usbek;UZ;081;;&F;&T &N;&O &P;&S &P &O;europäisch;Tag/Monat/Jahr; ----------;;;2;;000
VA;Vatikanstadt;Vatik;VA;045;;&F;&T &N;&P &O;&S &P &O;europäisch;Tag/Monat/Jahr; ----------;;;2;;000
VC;St. Vincent und die Grenadinen;Vincen;VC;467;;P.O. Box &F;&N &T;&O &P;&S &P &O;amerikanisch;Monat/Tag/Jahr; ----------;;;2;;000
VE;Venezuela;Venezu;VE;484;;&F;&T &N;&P &O;&S &P &O;europäisch;Tag/Monat/Jahr; ----------;;;2;;000
VG;Britische Jungfern-Inseln;Br Jgf;VG;468;;P.O. Box &F;&N &T;&O &P;&S &P &O;amerikanisch;Monat/Tag/Jahr; ----------;VG99 AAAA 9999 9999 9999 9999;;2;;000
VI;Amerikanische Jungfern-Inseln;Am Jgf;VI;457;;P.O. Box &F;&N &T;&O &P;&S &P &O;amerikanisch;Jahr/Monat/Tag; ----------;;;2;;000
VN;Vietnam;Vietn;VN;690;;B.P. &F;&N, &T;&O &P;&S &P &O;europäisch;Tag/Monat/Jahr; ----------;;;2;;000
VU;Vanuatu;Vanua;VU;816;;P.O. Box &F;&N &T;&O &P;&S &P &O;amerikanisch;Monat/Tag/Jahr; ----------;;;2;;000
WF;Wallis u. Futuna;Wallis;WF;811;;&F;&N, &T;&P &O;&S &P &O;europäisch;Tag/Monat/Jahr; ----------;;;2;;000
WS;Samoa;Samoa;WS;819;;P.O. Box &F;&N &T;&O &P;&S &P &O;amerikanisch;Jahr/Monat/Tag; ----------;;;2;;000
XC;Ceuta;Ceuta;XC;021;;&F;&T, &N;&P-&O;&S &P &O;europäisch;Tag/Monat/Jahr; ----------;;;2;;000
XK;Kosovo;Kosovo;XK;095;;&F;&T &N;&P-&O;&S &P &O;europäisch;Tag/Monat/Jahr; ----------;;;2;;000
XL;Melilla;Melill;XL;023;;&F;&T &N;&P &O;&S &P &O;europäisch;Tag/Monat/Jahr; ----------;;;2;;000
XP;Westjordanland/Gazastreifen;Westjo;XP;625;;P.O. Box &F;&T &N;&P &O;&S &P &O;europäisch;Tag/Monat/Jahr; ----------;;;2;;000
YE;Jemen;Jemen;YE;653;;P.O. Box &F;&N &T;&O &P;&S &P &O;amerikanisch;Jahr/Monat/Tag; ----------;;;2;;000
YT;Mayotte;Mayott;YT;377;;B.P. &F;&N, &T;&P &O;&S &P &O;europäisch;Tag/Monat/Jahr; ----------;;;2;;000
ZA;Südafrika;S Afr;ZA;388;;Private Bag &F;&N &T;&O &P;&S &P &O;amerikanisch;Jahr/Monat/Tag; ----------;;;2;;000
ZM;Sambia;Sambia;ZM;378;;P.O. Box &F;&N &T;&O &P;&S &P &O;amerikanisch;Jahr/Monat/Tag; ----------;;;2;;000
ZW;Simbabwe;Simbab;ZW;382;;P.O. Box &F;&N &T;&P &O;&S &P &O;amerikanisch;Jahr/Monat/Tag; ----------;;;2;;000
